Pigeon ID,Pigeon version,Date,Time,Streaming service,Query terms,Apple TV query,Assumed title,tmdb_tt,TT converted to white,tmdb_backdrop,tmdb_poster,Failures,Wrong match (flagged),Outcome,TT shown as,Backdrop shown as,TMDb type,TMDb ID,TMDb year,Match tier,Tier OK,Player TRT,TMDb TRT,TRT similarity,Prefer,Trigger,Fetch ms,raw_title,raw_series_name,raw_episode_title,Season,Episode,Media type,App ID,Title decision,Event ID,Notes
pi5,0.11.39,2026-09-28,14:31:43,Apple TV,Nimrods,Nimrods,Nimrods,TRUE,FALSE,TRUE,TRUE,,FALSE,match,tmdb_logo_cached,tmdb,movie,1432474,2026,5,TRUE,1:46:44,1:47:00,0.998,auto,auto,2587,Nimrods,,,,,MediaType.Video,com.apple.TVWatchList,Nimrods ← tmdb: spawned TMDb search (prefer=auto),af84cfba41b4,
pi5,0.11.39,2026-09-28,14:37:44,Disney+,Hamilton Sing-Along → Hamilton Sing-Along,Hamilton Sing-Along,,FALSE,,FALSE,FALSE,No movie or TV show found,FALSE,no_match,text_fallback,none,,,,0,FALSE,2:40:17,,,auto,auto,17662,Hamilton Sing-Along,,,,,MediaType.Unknown,com.disney.disneyplus,Hamilton Sing-Along ← pyatv: player metadata supplied a usable title,aa2076c3ad82,
pi5,0.11.39,2026-09-28,14:38:47,Disney+,Hamilton,Hamilton,Hamilton,TRUE,FALSE,TRUE,TRUE,,FALSE,match,tmdb_logo_cached,tmdb,movie,556574,2025,5,TRUE,2:40:15,2:40:00,0.998,auto,auto,7075,Hamilton,,,,,MediaType.Unknown,com.disney.disneyplus,Hamilton ← pyatv: player metadata supplied a usable title,24eb859438da,
pi5,0.11.39,2026-09-28,14:39:59,Disney+,Hannah Montana,Hannah Montana,Hannah Montana: The Movie,TRUE,FALSE,TRUE,TRUE,,FALSE,match,tmdb_logo_cached,tmdb,movie,18126,2009,4,TRUE,1:46:07,1:42:00,0.961,auto,auto,4798,Hannah Montana: The Movie,,,,,MediaType.Unknown,com.disney.disneyplus,Hannah Montana ← pyatv: player metadata supplied a usable title,dcf28a28bdb2,
pi5,0.11.39,2026-09-28,14:40:42,Disney+,folklore,folklore,FOLKLORE,FALSE,,FALSE,FALSE,TMDb has no TT / backdrop / poster,FALSE,match,title_text,app_logo,movie,1453292,,5,TRUE,1:46:30,1:40:00,0.939,auto,auto,7271,folklore: the long pond studio sessions,,,,,MediaType.Unknown,com.disney.disneyplus,folklore ← pyatv: player metadata supplied a usable title,0cdc0e767a1a,
pi5,0.11.39,2026-09-28,14:41:22,Disney+,Toy Story 5,Toy Story 5,Toy Story 5,TRUE,FALSE,TRUE,TRUE,,FALSE,match,tmdb_logo,tmdb,movie,1084244,2026,5,TRUE,1:47:12,1:42:00,0.951,auto,auto,8367,Toy Story 5,,,,,MediaType.Unknown,com.disney.disneyplus,Toy Story 5 ← pyatv: player metadata supplied a usable title,35591f8696c4,
pi5,0.11.39,2026-09-28,14:44:27,Max,It Chapter Two,It Chapter Two,It Chapter Two,TRUE,FALSE,TRUE,TRUE,,FALSE,match,tmdb_logo,tmdb,movie,474350,2019,5,TRUE,2:49:21,2:49:00,0.998,auto,auto,2244,,,,,,MediaType.Unknown,com.wbd.stream,It Chapter Two ← tmdb: spawned TMDb search (prefer=auto),9b5cdf824ede,
pi5,0.11.39,2026-09-28,14:45:15,Max,It,It,It,TRUE,FALSE,TRUE,TRUE,,FALSE,match,tmdb_logo,tmdb,movie,346364,2017,5,TRUE,2:14:53,2:15:00,0.999,auto,auto,2408,,,,,,MediaType.Unknown,com.wbd.stream,It ← tmdb: spawned TMDb search (prefer=auto),739f8b09c5ba,
pi5,0.11.39,2026-09-28,14:47:50,Max,Stephen King's It,Stephen King's It,It,FALSE,,TRUE,TRUE,match tier 0 below threshold — rawTitle text TT,FALSE,match,text_fallback,tmdb,tv,19614,1990,0,FALSE,3:07:21,3:00:00,0.961,auto,auto,6205,,,,,,MediaType.Unknown,com.wbd.stream,Stephen King's It ← pyatv: player metadata supplied a usable title,c189d708a3f5,
pi5,0.11.39,2026-09-28,15:02:44,Max,Stephen King's It,Stephen King's It,It,TRUE,FALSE,TRUE,TRUE,"match tier 0 below threshold — query ""Stephen King's It"" is a loose match for 'It'",FALSE,match,tmdb_logo,tmdb,tv,19614,1990,0,FALSE,3:07:21,3:00:00,0.961,auto,auto,12127,,,,,,MediaType.Unknown,com.wbd.stream,Stephen King's It ← pyatv: player metadata supplied a usable title,dd9f1f9fe93c,
pi5,0.11.39,2026-09-28,15:03:21,Max,It Chapter Two,It Chapter Two,It Chapter Two,TRUE,FALSE,TRUE,TRUE,,FALSE,match,tmdb_logo,tmdb,movie,474350,2019,5,TRUE,2:49:21,2:49:00,0.998,auto,auto,11458,,,,,,MediaType.Unknown,com.wbd.stream,It Chapter Two ← pyatv: player metadata supplied a usable title,59c413fe8ef3,
pi5,0.11.39,2026-09-28,15:03:52,Max,It,It,It,TRUE,FALSE,TRUE,TRUE,,FALSE,match,tmdb_logo,tmdb,movie,346364,2017,5,TRUE,2:14:53,2:15:00,0.999,auto,auto,10557,,,,,,MediaType.Unknown,com.wbd.stream,It ← pyatv: player metadata supplied a usable title,9b3c4f9e8593,
pi5,0.11.39,2026-09-28,15:11:50,Max,IT: Welcome to Derry → Winter Fire,IT: Welcome to Derry,,FALSE,,TRUE,FALSE,match tier 0 below threshold — query 'Winter Fire' is a loose match for None,FALSE,no_match,text_fallback,tmdb,,,,0,FALSE,1:17:42,,,tv,auto,12750,Winter Fire,,,,,MediaType.Unknown,com.wbd.stream,IT: Welcome to Derry ← pyatv: player metadata supplied a usable title,5a567e4487c1,
pi5,0.11.39,2026-09-28,15:16:27,HBO Max,IT: Welcome to Derry → Winter Fire,IT: Welcome to Derry,One Long Winter Without Fire,FALSE,,TRUE,TRUE,match tier 0 below threshold — query 'Winter Fire' is a loose match for 'One Long Winter Without Fire',FALSE,match,text_fallback,tmdb,movie,95307,2005,0,FALSE,1:17:42,1:28:00,0.883,auto,auto,8389,Winter Fire,,,,,MediaType.Unknown,com.wbd.stream,IT: Welcome to Derry ← tmdb: spawned TMDb search (prefer=auto),03d89111b7e8,
pi5,0.11.39,2026-09-28,15:16:43,Max,IT: Welcome to Derry → Winter Fire,IT: Welcome to Derry,,FALSE,,TRUE,FALSE,match tier 0 below threshold — query 'Winter Fire' is a loose match for None,FALSE,no_match,text_fallback,tmdb,,,,0,FALSE,1:17:42,,,tv,auto,4423,Winter Fire,,,,,MediaType.Unknown,com.wbd.stream,IT: Welcome to Derry ← tmdb: spawned TMDb search (prefer=tv),b386277543a0,
pi5,0.11.39,2026-09-28,15:19:04,HBO Max,IT: Welcome to Derry → Winter Fire,IT: Welcome to Derry,One Long Winter Without Fire,FALSE,,TRUE,TRUE,match tier 0 below threshold — query 'Winter Fire' is a loose match for 'One Long Winter Without Fire',FALSE,match,text_fallback,tmdb,movie,95307,2005,0,FALSE,1:17:42,1:28:00,0.883,auto,auto,9059,Winter Fire,,,,,MediaType.Unknown,com.wbd.stream,IT: Welcome to Derry ← tmdb: spawned TMDb search (prefer=auto),272e78ce872d,
pi5,0.11.39,2026-09-28,15:19:38,Max,IT: Welcome to Derry → Winter Fire,IT: Welcome to Derry,,FALSE,,TRUE,FALSE,match tier 0 below threshold — query 'Winter Fire' is a loose match for None,FALSE,no_match,text_fallback,tmdb,,,,0,FALSE,1:17:42,,,tv,auto,23422,Winter Fire,,,,,MediaType.Unknown,com.wbd.stream,IT: Welcome to Derry ← pyatv: player metadata supplied a usable title,35d1ac9513ed,
pi5,0.11.39,2026-09-28,15:29:09,Max,IT: Welcome to Derry,IT: Welcome to Derry,IT: Welcome to Derry,TRUE,FALSE,TRUE,TRUE,,FALSE,match,tmdb_logo,tmdb,tv,200875,2025,5,TRUE,1:17:42,54:00,0.695,tv,auto,3226,Winter Fire,,,,,MediaType.Unknown,com.wbd.stream,IT: Welcome to Derry ← tmdb: spawned TMDb search (prefer=tv),ed4f0a59f603,
Mac,0.11.39,2026-09-28,15:30:13,Max,IT: Welcome to Derry,IT: Welcome to Derry,IT: Welcome to Derry,TRUE,FALSE,TRUE,TRUE,,FALSE,match,tmdb_logo,tmdb,tv,200875,2025,5,TRUE,1:17:42,54:00,0.695,tv,auto,1797,Winter Fire,,,,,MediaType.Unknown,com.wbd.stream,IT: Welcome to Derry ← tmdb: spawned TMDb search (prefer=tv),f65d02dc900a,
pi5,0.11.39,2026-09-28,15:44:48,Max,IT: Welcome to Derry,IT: Welcome to Derry,IT: Welcome to Derry,TRUE,FALSE,TRUE,TRUE,,FALSE,match,tmdb_logo_cached,tmdb,tv,200875,2025,5,TRUE,1:17:42,54:00,0.695,tv,auto,1816,Winter Fire,,,,,MediaType.Unknown,com.wbd.stream,IT: Welcome to Derry ← tmdb: spawned TMDb search (prefer=tv),eb928870968d,
Mac,0.11.39,2026-09-28,15:46:45,Max,IT: Welcome to Derry,IT: Welcome to Derry,IT: Welcome to Derry,TRUE,FALSE,TRUE,TRUE,,FALSE,match,tmdb_logo,tmdb,tv,200875,2025,5,TRUE,1:17:42,54:00,0.695,tv,auto,2107,Winter Fire,,,,,MediaType.Unknown,com.wbd.stream,IT: Welcome to Derry ← tmdb: spawned TMDb search (prefer=tv),4a185392fc77,
Mac,0.11.39,2026-09-28,15:51:50,Max,IT: Welcome to Derry,IT: Welcome to Derry,IT: Welcome to Derry,TRUE,FALSE,TRUE,TRUE,,FALSE,match,tmdb_logo,tmdb,tv,200875,2025,5,TRUE,1:17:42,54:00,0.695,tv,auto,1580,Winter Fire,,,,,MediaType.Unknown,com.wbd.stream,IT: Welcome to Derry ← tmdb: spawned TMDb search (prefer=tv),b90881975958,
pi5,0.11.39,2026-09-28,19:07:27,Max,Flight of the Conchords,Flight of the Conchords,Flight of the Conchords,TRUE,FALSE,TRUE,TRUE,,FALSE,match,tmdb_logo,tmdb,tv,2742,2007,5,TRUE,28:09,30:00,0.938,tv,auto,2042,Sally,,,,,MediaType.Unknown,com.wbd.stream,Flight of the Conchords ← tmdb: spawned TMDb search (prefer=tv),8be483afddd9,
